{"cameraMode":{"drawMode":0,"name":"Shaded","section":"Shading Mode"},"sceneLighting":false,"audioPlay":false,"sceneViewState":{"showFog":true,"showMaterialUpdate":false,"showSkybox":false,"showFlares":true,"showImageEffects":true,"showParticleSystems":true},"in2DMode":false,"pivot":{"x":0.9600410461425781,"y":-6.083840370178223,"z":-5.216917991638184},"rotation":{"x":0.19114384055137635,"y":-0.1998477429151535,"z":0.03979205712676048,"w":0.9602004885673523},"size":45.32032775878906,"orthographic":false}