{"cameraMode":{"drawMode":0,"name":"Shaded","section":"Shading Mode"},"sceneLighting":false,"audioPlay":false,"sceneViewState":{"showFog":true,"showMaterialUpdate":false,"showSkybox":false,"showFlares":true,"showImageEffects":true,"showParticleSystems":true},"in2DMode":false,"pivot":{"x":0.0,"y":0.5060451030731201,"z":0.00014516711235046387},"rotation":{"x":-0.3789026737213135,"y":0.23657912015914918,"z":-0.10083935409784317,"w":-0.8890007734298706},"size":2.1112382411956789,"orthographic":true}