{"cameraMode":{"drawMode":0,"name":"Shaded","section":"Shading Mode"},"sceneLighting":false,"audioPlay":false,"sceneViewState":{"showFog":true,"showMaterialUpdate":false,"showSkybox":false,"showFlares":true,"showImageEffects":true,"showParticleSystems":true},"in2DMode":false,"pivot":{"x":0.035141706466674808,"y":0.6677246689796448,"z":-0.02251565456390381},"rotation":{"x":-0.18104803562164308,"y":-0.7962939739227295,"z":0.288324236869812,"w":-0.5000173449516296},"size":5.05013370513916,"orthographic":false}