{"cameraMode":{"drawMode":0,"name":"Shaded","section":"Shading Mode"},"sceneLighting":true,"audioPlay":false,"sceneViewState":{"showFog":true,"showMaterialUpdate":false,"showSkybox":true,"showFlares":true,"showImageEffects":true,"showParticleSystems":true},"in2DMode":false,"pivot":{"x":-7.190621376037598,"y":-7.080362796783447,"z":12.901224136352539},"rotation":{"x":0.26366686820983889,"y":0.7225081324577332,"z":-0.36140379309654238,"w":0.5271279811859131},"size":14.994982719421387,"orthographic":false}